term,estimate,se,pvalue,conf_low,conf_high
did_term,0.3677095064446561,0.12110361884256583,0.002456638088289278,0.1303464135132271,0.6050725993760852
